"id","trans_date","house_age","dist_MRT","num_stores","lat","long","price","X","Y","Xs","Ys","ldist"
1,2012.9166667,32,84.87882,10,24.98298,121.54024,37.9,506501.554579673,2766294.95840795,0.666074544699863,1.55900306735002,4.44122459222983
2,2012.9166667,19.5,306.5947,9,24.98034,121.53951,42.2,506433.29200655,2766000.98027942,0.597811971577234,1.265024938819,5.7255266799217
3,2013.5833333,13.3,561.9845,5,24.98746,121.54391,47.3,506862.973688334,2766798.43891144,1.02749365336116,2.06248357084533,6.33147426944218
4,2013.5,13.3,561.9845,5,24.98746,121.54391,54.8,506862.973688334,2766798.43891144,1.02749365336116,2.06248357084533,6.33147426944218
5,2012.8333333,5,390.5684,5,24.97937,121.54245,43.1,506732.30787162,2765899.03918808,0.89682783664728,1.1630838474757,5.96760311399223
6,2012.6666667,7.1,2175.03,3,24.96305,121.51254,32.1,503744.291484843,2764033.96299192,-2.09118855012965,-0.701992348674685,7.68479773653111
7,2012.6666667,34.5,623.4731,7,24.97933,121.53642,40.3,506123.233569472,2765883.19698152,0.287753534499265,1.14724164092354,6.43530562064487
8,2013.4166667,20.3,287.6025,6,24.98042,121.54228,46.7,506712.952201749,2766015.09094287,0.877472166775959,1.27913560227025,5.66157931843776
9,2013.5,31.7,5512.038,1,24.95095,121.48458,18.8,500943.977415028,2762640.91301114,-4.89150261994475,-2.09504232945573,8.61468970671908
10,2013.4166667,17.9,1783.18,3,24.96731,121.51486,22.1,503969.936099691,2764510.44362362,-1.8655439352821,-0.225511716978159,7.48615356621693
11,2013.0833333,34.8,405.2134,1,24.97349,121.53372,41.4,505862.570949417,2765230.84049646,0.0270909144441248,0.494885155857541,6.00441384191657
12,2013.3333333,6.3,90.45606,9,24.97433,121.5431,58.1,506808.447761703,2765341.67647767,0.972967726730625,0.605721137068234,4.50486420793864
13,2012.9166667,13,492.2313,5,24.96515,121.53737,39.3,506248.606172233,2764313.39769021,0.413126137260231,-0.422557650391478,6.19894872797083
14,2012.6666667,20.4,2469.645,4,24.96108,121.51046,23.8,503538.182587394,2763811.73736259,-2.29729744757898,-0.924217978012282,7.81182969459628
15,2013.5,13.2,1164.838,4,24.99156,121.53406,34.3,505859.485528744,2767234.21178783,0.0240054937708192,2.49825644723,7.06033730053666
16,2013.5833333,35.7,579.2083,2,24.9824,121.54619,50.5,507103.82097295,2766241.95117384,1.26834093797754,1.50599583323626,6.36166217107933
17,2013.25,0,292.9978,6,24.97744,121.54458,70.1,506951.497498315,2765689.16941278,1.1160174633424,0.953214072179981,5.68016510045646
18,2012.75,17.7,350.8515,1,24.97544,121.53119,37.4,505602.942421965,2765442.18907162,-0.232537613008113,0.706233731015585,5.8603630570205
19,2013.4166667,16.9,368.1363,8,24.9675,121.54451,42.3,506965.095103535,2764587.36465402,1.12961506856175,-0.148590686577372,5.90845325002981
20,2012.6666667,1.5,23.38284,7,24.96772,121.54102,47.7,506612.040176833,2764605.1381247,0.776560141860275,-0.130817215899006,3.1520024200099
21,2013.4166667,4.5,2275.877,3,24.96314,121.51151,29.3,503640.042754781,2764042.01093813,-2.19543728019175,-0.693944402474444,7.73012075160663
22,2013.4166667,10.5,279.1726,7,24.97528,121.54541,51.6,507039.840306393,2765451.34539653,1.20436027142062,0.715390055933967,5.6318302285366
23,2012.9166667,14.7,1360.139,1,24.95204,121.54842,24.6,507392.308672438,2762881.31361556,1.55682863746496,-1.85464172503632,7.21534217938979
24,2013.0833333,10.1,279.1726,7,24.97528,121.54541,47.9,507039.840306393,2765451.34539653,1.20436027142062,0.715390055933967,5.6318302285366
25,2013,39.6,480.6977,4,24.97353,121.53885,38.8,506380.750100503,2765244.96613546,0.545270065529738,0.509010794858448,6.17523859019947
26,2013.0833333,29.3,1487.868,2,24.97542,121.51726,27,504195.725471994,2765413.77778527,-1.6397545629791,0.677822444670368,7.30509950178068
27,2012.6666667,3.1,383.8624,5,24.98085,121.54391,56.2,506876.721290723,2766065.83737447,1.04124125575012,1.3298820338673,5.95028415503766
28,2013.25,10.4,276.449,5,24.95593,121.53913,33.6,506445.546532847,2763294.85591258,0.610066497874563,-1.44109942801716,5.62202635548675
29,2013.5,19.2,557.478,4,24.97419,121.53797,47,506290.478429381,2765316.45113158,0.454998394408205,0.580495790982619,6.32342304067222
30,2013.0833333,7.1,451.2438,5,24.97563,121.54694,57.1,507193.679672826,2765493.03888475,1.35819963785313,0.757083544149529,6.11200776994051
31,2013.5,25.9,4519.69,0,24.94826,121.49587,22.1,502090.222236526,2762363.71088573,-3.74525779844692,-2.3722444548714,8.41619868640348
32,2012.75,29.6,769.4034,7,24.98281,121.53408,25,505879.635719847,2766264.47134904,0.0441556848741602,1.52851600844227,6.64561540933625
33,2012.75,37.9,488.5727,1,24.97349,121.53451,34.2,505942.381212519,2765232.33180225,0.106901177546475,0.496376461651642,6.19148828333713
34,2013.25,16.5,323.655,6,24.97841,121.54281,49.3,506770.670891698,2765793.32228383,0.935190856725152,1.05736694322573,5.77967813365946
35,2012.75,15.4,205.367,7,24.98419,121.54243,55.1,506720.269461095,2766433.21247987,0.884789426121977,1.69725713927438,5.32479862246423
36,2013.5,13.9,4079.418,0,25.01459,121.51816,27.3,504205.973764445,2769756.71649325,-1.62950627052732,5.02076115265163,8.31370961016432
37,2012.9166667,14.7,1935.009,2,24.96386,121.51458,22.9,503948.735260107,2764127.5541232,-1.88674477486592,-0.608401217401028,7.56786725661586
38,2013.1666667,12,1360.139,1,24.95204,121.54842,25.3,507392.308672438,2762881.31361556,1.55682863746496,-1.85464172503632,7.21534217938979
39,2012.6666667,3.1,577.9615,6,24.97201,121.54722,47.7,507229.502386797,2765092.35702881,1.39402235182398,0.356401688210201,6.35950725745736
40,2013.1666667,16.2,289.3248,5,24.98203,121.54348,46.2,506830.829126381,2766195.80445191,0.9953490914086,1.45984911130788,5.66754993246975
41,2013,13.6,4082.015,0,24.94155,121.50381,15.9,502906.231064916,2761634.81850218,-2.92924897005648,-3.10113683842309,8.31434601803232
42,2013.5,16.8,4066.587,0,24.94297,121.50342,18.2,502863.919817927,2761791.46983873,-2.97156021704536,-2.94448550187098,8.31055935169741
43,2013.4166667,36.1,519.4617,5,24.96305,121.53758,34.7,506274.176470104,2764081.04794449,0.438696435131482,-0.654907396108843,6.25279308308616
44,2012.75,34.4,512.7871,6,24.98748,121.54301,34.1,506772.018895928,2766798.94962056,0.936538860955101,2.06299427995691,6.2398607492838
45,2013.5833333,2.7,533.4762,4,24.97445,121.54765,53.9,507267.864075173,2765363.60400869,1.43238404019974,0.627648668095004,6.27941445868766
46,2013.0833333,36.6,488.8193,8,24.97015,121.54494,38.3,507003.027892052,2764881.88491661,1.16754785707965,0.145929576011375,6.19199289152961
47,2013.4166667,21.7,463.9623,9,24.9703,121.54458,42,506966.345587137,2764897.82736541,1.13086555216392,0.161872024805751,6.13980329892529
48,2013.5833333,35.9,640.7391,3,24.97563,121.53715,61.5,506204.651801734,2765474.49887165,0.369171766761516,0.7385435310537,6.46262235378462
49,2013.4166667,24.2,4605.749,0,24.94684,121.49578,13.4,502084.02158162,2762206.16620641,-3.75145845335303,-2.52978913419181,8.43506058475769
50,2012.6666667,29.4,4510.359,1,24.94925,121.49542,13.2,502042.7352777,2762472.59587126,-3.79274475727323,-2.26335946933739,8.41413203021566
51,2013.4166667,21.7,512.5487,4,24.974,121.53842,44.2,506336.333967934,2765296.24394113,0.500853932961356,0.560288600534666,6.23939573088828
52,2013.0833333,31.3,1758.406,1,24.95402,121.55282,20.7,507832.774844142,2763109.11680633,1.99729480916972,-1.62683853427414,7.47216299583644
53,2013.5833333,32.1,1438.579,3,24.97419,121.5175,27,504222.501707716,2765277.9060663,-1.61297832725698,0.541950725699775,7.27141109980134
54,2013.0833333,13.3,492.2313,5,24.96515,121.53737,38.9,506248.606172233,2764313.39769021,0.413126137260231,-0.422557650391478,6.19894872797083
55,2013.0833333,16.1,289.3248,5,24.98203,121.54348,51.7,506830.829126381,2766195.80445191,0.9953490914086,1.45984911130788,5.66754993246975
56,2012.8333333,31.7,1160.632,0,24.94968,121.53009,13.7,505545.057253069,2762585.10153662,-0.290422781904112,-2.15085380398436,7.05671996332195
57,2013.4166667,33.6,371.2495,8,24.97254,121.54059,41.9,506558.590634386,2765138.5344037,0.723110599413048,0.402579063098878,5.91687434331466
58,2012.9166667,3.5,56.47425,7,24.95744,121.53711,53.5,506238.316380159,2763458.39434233,0.402836345185759,-1.27756099827122,4.0337847820534
59,2013.5,30.3,4510.359,1,24.94925,121.49542,22.6,502042.7352777,2762472.59587126,-3.79274475727323,-2.26335946933739,8.41413203021566
60,2013.0833333,13.3,336.0532,5,24.95776,121.53438,42.4,505961.817860885,2763488.70601687,0.126337825911876,-1.24724932372756,5.81726948076314
61,2013.4166667,11,1931.207,2,24.96365,121.51471,21.3,503962.300897544,2764104.52317526,-1.87317913742911,-0.631432165338658,7.56590047502601
62,2013.5,5.3,259.6607,6,24.97585,121.54516,63.2,507013.398421254,2765514.04574885,1.17791838628124,0.778090408246033,5.55937577876149
63,2012.9166667,17.2,2175.877,3,24.96303,121.51254,27.7,503744.332534376,2764031.74638558,-2.09114750059694,-0.704208955020644,7.6851870806429
64,2013.5833333,2.6,533.4762,4,24.97445,121.54765,55,507267.864075173,2765363.60400869,1.43238404019974,0.627648668095004,6.27941445868766
65,2013.3333333,17.5,995.7554,0,24.96305,121.54915,25.3,507443.147606606,2764102.96217766,1.60766757163347,-0.632993162943516,6.903501645095
66,2013.4166667,40.1,123.7429,8,24.97635,121.54329,44.3,506823.44377506,2765565.91741744,0.987963740087114,0.829962076838594,4.81820602606549
67,2013,1,193.5845,6,24.96571,121.54089,50.7,506603.078907416,2764382.11992073,0.76759887244273,-0.353835419871379,5.26571410965387
68,2013.5,8.5,104.8101,5,24.96674,121.54067,56.8,506578.713751294,2764495.86048838,0.743233716321178,-0.240094852214679,4.65215014128906
69,2013.4166667,30.4,464.223,6,24.97964,121.53805,36.2,506287.254692854,2765920.63620237,0.451774657881062,1.18468086176971,6.14036504022168
70,2012.8333333,12.5,561.9845,5,24.98746,121.54391,42,506862.973688334,2766798.43891144,1.02749365336116,2.06248357084533,6.33147426944218
71,2013.5833333,6.6,90.45606,9,24.97433,121.5431,59,506808.447761703,2765341.67647767,0.972967726730625,0.605721137068234,4.50486420793864
72,2013.0833333,35.5,640.7391,3,24.97563,121.53715,40.8,506204.651801734,2765474.49887165,0.369171766761516,0.7385435310537,6.46262235378462
73,2013.5833333,32.5,424.5442,8,24.97587,121.53913,36.3,506404.181459941,2765504.84242748,0.568701424968487,0.768887086879462,6.05101612282809
74,2013.1666667,13.8,4082.015,0,24.94155,121.50381,20,502906.231064916,2761634.81850218,-2.92924897005648,-3.10113683842309,8.31434601803232
75,2012.9166667,6.8,379.5575,10,24.98343,121.53762,54.4,506235.953551023,2766339.87613088,0.400473516050144,1.60392079027742,5.93900610050994
76,2013.5,12.3,1360.139,1,24.95204,121.54842,29.5,507392.308672438,2762881.31361556,1.55682863746496,-1.85464172503632,7.21534217938979
77,2013.5833333,35.9,616.4004,3,24.97723,121.53767,36.8,506253.865751278,2765652.8128178,0.41838571630494,0.916857477197889,6.42389675237502
78,2012.8333333,20.5,2185.128,3,24.96322,121.51237,25.6,503726.766957274,2764052.48607811,-2.10871307769837,-0.683469262492843,7.68942968704958
79,2012.9166667,38.2,552.4371,2,24.97598,121.53381,29.8,505866.506947042,2765506.98113147,0.0310269120695302,0.771025790873449,6.3143395807571
80,2013,18,1414.837,1,24.95182,121.54887,26.5,507438.23635155,2762857.78435536,1.60275631657743,-1.87817098524328,7.25476960909567
81,2013.5,11.8,533.4762,4,24.97445,121.54765,40.3,507267.864075173,2765363.60400869,1.43238404019974,0.627648668095004,6.27941445868766
82,2013,30.8,377.7956,6,24.96427,121.53964,36.8,506479.776235851,2764220.15721093,0.644296200878336,-0.515798129666597,5.93435330862585
83,2013.0833333,13.2,150.9347,7,24.96725,121.54252,48.1,506764.562690514,2764555.88675916,0.929082655541017,-0.180068581444211,5.01684729295019
84,2012.9166667,25.3,2707.392,3,24.96056,121.50831,17.7,503322.023657066,2763750.08828863,-2.51345637790655,-0.985867051974405,7.90374108888287
85,2013.0833333,15.1,383.2805,7,24.96735,121.54464,43.7,506978.541011249,2764570.98620914,1.14306097627664,-0.164969131463207,5.94876709710334
86,2012.75,0,338.9679,9,24.96853,121.54413,50.8,506924.562195374,2764700.80163574,1.08908216040127,-0.0351537048635073,5.82590541263156
87,2012.8333333,1.8,1455.798,1,24.9512,121.549,27,507452.662580863,2762789.31507856,1.61718254588998,-1.94664026204078,7.28330948286813
88,2013.5833333,16.9,4066.587,0,24.94297,121.50342,18.3,502863.919817927,2761791.46983873,-2.97156021704536,-2.94448550187098,8.31055935169741
89,2012.9166667,8.9,1406.43,0,24.98573,121.52758,48,505216.985708725,2766575.84139708,-0.618494326247543,1.8398860564814,7.24880985776143
90,2013.5,23,3947.945,0,24.94783,121.50243,25.3,502753.953028278,2762328.25731698,-3.08152700669435,-2.40769802362146,8.28095046935198
91,2012.8333333,0,274.0144,1,24.9748,121.53059,45.4,505543.651735635,2765370.12568159,-0.291828299337765,0.634170340991579,5.61318065975164
92,2013.25,9.1,1402.016,0,24.98569,121.5276,43.2,505219.088677332,2766571.44581094,-0.616391357640387,1.8354904703442,7.2456664797976
93,2012.9166667,20.6,2469.645,4,24.96108,121.51046,21.8,503538.182587394,2763811.73736259,-2.29729744757898,-0.924217978012282,7.81182969459628
94,2012.9166667,31.9,1146.329,0,24.9492,121.53076,16.1,505613.749222184,2762533.16462836,-0.221730812788592,-2.20279071224434,7.04431994158836
95,2012.9166667,40.9,167.5989,5,24.9663,121.54026,41,506538.204034461,2764446.31869669,0.702723999487818,-0.28963664391404,5.12157362478062
96,2012.9166667,8,104.8101,5,24.96674,121.54067,51.8,506578.713751294,2764495.86048838,0.743233716321178,-0.240094852214679,4.65215014128906
97,2013.4166667,6.4,90.45606,9,24.97433,121.5431,59.5,506808.447761703,2765341.67647767,0.972967726730625,0.605721137068234,4.50486420793864
98,2013.0833333,28.4,617.4424,3,24.97746,121.53299,34.6,505780.603588711,2765669.46430141,-0.054876446262002,0.933508960808627,6.42558578479912
99,2013.4166667,16.4,289.3248,5,24.98203,121.54348,51,506830.829126381,2766195.80445191,0.9953490914086,1.45984911130788,5.66754993246975
100,2013.4166667,6.4,90.45606,9,24.97433,121.5431,62.2,506808.447761703,2765341.67647767,0.972967726730625,0.605721137068234,4.50486420793864
101,2013.5,17.5,964.7496,4,24.98872,121.53411,38.2,505870.421265228,2766919.54381809,0.0349412302552373,2.18358847749233,6.87186858580246
102,2012.8333333,12.7,170.1289,1,24.97371,121.52984,32.9,505470.137044389,2765247.90578246,-0.365342990583333,0.511950441860594,5.13655638502922
103,2013.0833333,1.1,193.5845,6,24.96571,121.54089,54.4,506603.078907416,2764382.11992073,0.76759887244273,-0.353835419871379,5.26571410965387
104,2012.75,0,208.3905,6,24.95618,121.53844,45.7,506375.310461235,2763321.25956245,0.539830426261993,-1.41469577815104,5.3394137234275
105,2012.6666667,32.7,392.4459,6,24.96398,121.5425,30.5,506769.334560836,2764193.42822928,0.933854525863659,-0.542527111318894,5.97239869332753
106,2012.8333333,0,292.9978,6,24.97744,121.54458,71,506951.497498315,2765689.16941278,1.1160174633424,0.953214072179981,5.68016510045646
107,2013.0833333,17.2,189.5181,8,24.97707,121.54308,47.1,506800.732223358,2765645.31870081,0.965252188384999,0.909363360212184,5.24448453447313
108,2013.3333333,12.2,1360.139,1,24.95204,121.54842,26.6,507392.308672438,2762881.31361556,1.55682863746496,-1.85464172503632,7.21534217938979
109,2013.4166667,31.4,592.5006,2,24.9726,121.53561,34.1,506055.35369319,2765135.76885732,0.219873658217315,0.399813516716938,6.384351885667
110,2013.5833333,4,2147.376,3,24.96299,121.51284,28.4,503774.724585091,2764027.87451813,-2.06075544988143,-0.708080822467338,7.67200191063135
111,2013.0833333,8.1,104.8101,5,24.96674,121.54067,51.6,506578.713751294,2764495.86048838,0.743233716321178,-0.240094852214679,4.65215014128906
112,2013.5833333,33.3,196.6172,7,24.97701,121.54224,39.4,506715.997452344,2765637.07755285,0.880517417371157,0.901122212247457,5.2812586911701
113,2013.4166667,9.9,2102.427,3,24.96044,121.51462,23.1,503959.80162321,2763748.58898828,-1.87567841176264,-0.987366352323443,7.65084767067358
114,2013.3333333,14.8,393.2606,6,24.96172,121.53812,7.6,506331.492630864,2763934.66231971,0.496012595891021,-0.801293020885903,5.97447249643843
115,2012.6666667,30.6,143.8383,8,24.98155,121.54142,53.3,506623.727081174,2766138.70250208,0.788247046200791,1.40274716147734,4.96868975196604
116,2013.0833333,20.6,737.9161,2,24.98092,121.54739,46.4,507228.125825269,2766080.19634971,1.39264579029614,1.34424100911245,6.60383013250091
117,2013,30.9,6396.283,1,24.94375,121.47883,12.2,500377.559334657,2761832.32699782,-5.45792070031608,-2.90362834278401,8.763472319379
118,2013,13.6,4197.349,0,24.93885,121.50383,13,502913.769754866,2761335.61594527,-2.92171028010716,-3.40033939533075,8.3422084145107
119,2013.5,25.3,1583.722,3,24.96622,121.51709,30.6,504197.47412653,2764393.81692176,-1.63800590844266,-0.342138418839313,7.36753305192105
120,2013.5,16.6,289.3248,5,24.98203,121.54348,59.6,506830.829126381,2766195.80445191,0.9953490914086,1.45984911130788,5.66754993246975
121,2013.1666667,13.3,492.2313,5,24.96515,121.53737,31.3,506248.606172233,2764313.39769021,0.413126137260231,-0.422557650391478,6.19894872797083
122,2013.5,13.6,492.2313,5,24.96515,121.53737,48,506248.606172233,2764313.39769021,0.413126137260231,-0.422557650391478,6.19894872797083
123,2013.25,31.5,414.9476,4,24.98199,121.54464,32.5,506948.094555452,2766193.57009176,1.11261452047923,1.45761475115735,6.02815224719835
124,2013.4166667,0,185.4296,0,24.9711,121.5317,45.5,505663.443923817,2764962.14215325,-0.172036111155991,0.226186812650878,5.22267529518871
125,2012.9166667,9.9,279.1726,7,24.97528,121.54541,57.4,507039.840306393,2765451.34539653,1.20436027142062,0.715390055933967,5.6318302285366
126,2013.1666667,1.1,193.5845,6,24.96571,121.54089,48.6,506603.078907416,2764382.11992073,0.76759887244273,-0.353835419871379,5.26571410965387
127,2013.0833333,38.6,804.6897,4,24.97838,121.53477,62.9,505958.517339083,2765774.78972319,0.123037304110592,1.0388343825927,6.690456737269
128,2013.25,3.8,383.8624,5,24.98085,121.54391,55,506876.721290723,2766065.83737447,1.04124125575012,1.3298820338673,5.95028415503766
129,2013.0833333,41.3,124.9912,6,24.96674,121.54039,60.7,506550.424930162,2764495.33068783,0.714944895189721,-0.240624652767088,4.8282433348241
130,2013.4166667,38.5,216.8329,7,24.98086,121.54162,41,506645.364585886,2766062.60706519,0.809884550913004,1.32665172459092,5.37912701081973
131,2013.25,29.6,535.527,8,24.98092,121.53653,37.5,506131.049083292,2766059.627498,0.295569048319128,1.32367215739563,6.28325130878482
132,2013.5,4,2147.376,3,24.96299,121.51284,30.7,503774.724585091,2764027.87451813,-2.06075544988143,-0.708080822467338,7.67200191063135
133,2013.1666667,26.6,482.7581,5,24.97433,121.53863,37.5,506356.864658461,2765333.21558626,0.521384623488295,0.59726024565706,6.17951570003891
134,2012.8333333,18,373.3937,8,24.9866,121.54082,39.5,506552.625179341,2766697.26872567,0.717145144368638,1.9613133850731,5.92263335897814
135,2012.6666667,33.4,186.9686,6,24.96604,121.54211,42.2,506725.653049335,2764421.00370678,0.890173014361761,-0.314951633819845,5.23094068831688
136,2012.9166667,18.9,1009.235,0,24.96357,121.54951,20.8,507478.437152973,2764161.27847279,1.6429571179999,-0.574676867811941,6.91694789710093
137,2012.75,11.4,390.5684,5,24.97937,121.54245,46.8,506732.30787162,2765899.03918808,0.89682783664728,1.1630838474757,5.96760311399223
138,2013.5,13.6,319.0708,6,24.96495,121.54277,47.4,506794.598679893,2764301.44653756,0.959118644919887,-0.434508803034667,5.76541302173268
139,2013.1666667,10,942.4664,0,24.97843,121.52406,43.5,504876.474931973,2765760.1484008,-0.959005102999392,1.02419306020439,6.84850026881932
140,2012.6666667,12.9,492.2313,5,24.96515,121.53737,42.5,506248.606172233,2764313.39769021,0.413126137260231,-0.422557650391478,6.19894872797083
141,2013.25,16.2,289.3248,5,24.98203,121.54348,51.4,506830.829126381,2766195.80445191,0.9953490914086,1.45984911130788,5.66754993246975
142,2013.3333333,5.1,1559.827,3,24.97213,121.51627,28.9,504102.477937319,2765047.28881324,-1.73300209765392,0.311333472640254,7.35233019665811
143,2013.4166667,19.8,640.6071,5,24.97017,121.54647,37.5,507157.560604267,2764887.0027468,1.32208056929422,0.151047406202182,6.46241632047299
144,2013.5,13.6,492.2313,5,24.96515,121.53737,40.1,506248.606172233,2764313.39769021,0.413126137260231,-0.422557650391478,6.19894872797083
145,2013.0833333,11.9,1360.139,1,24.95204,121.54842,28.4,507392.308672438,2762881.31361556,1.55682863746496,-1.85464172503632,7.21534217938979
146,2012.9166667,2.1,451.2438,5,24.97563,121.54694,45.5,507193.679672826,2765493.03888475,1.35819963785313,0.757083544149529,6.11200776994051
147,2012.75,0,185.4296,0,24.9711,121.5317,52.2,505663.443923817,2764962.14215325,-0.172036111155991,0.226186812650878,5.22267529518871
148,2012.75,3.2,489.8821,8,24.97017,121.54494,43.2,507002.986300668,2764884.10156052,1.16750626569474,0.148146219916176,6.194164749908
149,2013.5,16.4,3780.59,0,24.93293,121.51203,45.1,503754.537639557,2760694.80599076,-2.08094239541609,-4.04114934984129,8.23763536108978
150,2012.6666667,34.9,179.4538,8,24.97349,121.54245,39.7,506744.526622581,2765247.34625418,0.909046587608522,0.511390913581476,5.1899177931844
151,2013.25,35.8,170.7311,7,24.96719,121.54269,48.5,506781.862642839,2764549.55876991,0.946382607866544,-0.186396570686717,5.14008980418396
152,2013.5,4.9,387.7721,9,24.98118,121.53788,44.7,506266.886296453,2766090.99590664,0.43140626148053,1.35504056603648,5.96041779591925
153,2013.3333333,12,1360.139,1,24.95204,121.54842,28.9,507392.308672438,2762881.31361556,1.55682863746496,-1.85464172503632,7.21534217938979
154,2013.25,6.5,376.1709,6,24.95418,121.53713,40.9,506247.092050322,2763097.12114232,0.411612015348976,-1.63883419827651,5.93004356140298
155,2013.5,16.9,4066.587,0,24.94297,121.50342,20.7,502863.919817927,2761791.46983873,-2.97156021704536,-2.94448550187098,8.31055935169741
156,2013.1666667,13.8,4082.015,0,24.94155,121.50381,15.6,502906.231064916,2761634.81850218,-2.92924897005648,-3.10113683842309,8.31434601803232
157,2013.5833333,30.7,1264.73,0,24.94883,121.52954,18.3,505491.238069578,2762489.85935049,-0.344241965395166,-2.24609599011065,7.14261393964515
158,2013.25,16.1,815.9314,4,24.97886,121.53464,35.6,505944.39006275,2765827.74345354,0.108910027777427,1.0917881129398,6.70433028280269
159,2013,11.6,390.5684,5,24.97937,121.54245,39.4,506732.30787162,2765899.03918808,0.89682783664728,1.1630838474757,5.96760311399223
160,2012.6666667,15.5,815.9314,4,24.97886,121.53464,37.4,505944.39006275,2765827.74345354,0.108910027777427,1.0917881129398,6.70433028280269
161,2012.9166667,3.5,49.66105,8,24.95836,121.53756,57.8,506281.877149604,2763561.20960879,0.446397114630905,-1.17474573180499,3.90522092363418
162,2013.4166667,19.2,616.4004,3,24.97723,121.53767,39.6,506253.865751278,2765652.8128178,0.41838571630494,0.916857477197889,6.42389675237502
163,2012.75,16,4066.587,0,24.94297,121.50342,11.6,502863.919817927,2761791.46983873,-2.97156021704536,-2.94448550187098,8.31055935169741
164,2013.5,8.5,104.8101,5,24.96674,121.54067,55.5,506578.713751294,2764495.86048838,0.743233716321178,-0.240094852214679,4.65215014128906
165,2012.8333333,0,185.4296,0,24.9711,121.5317,55.2,505663.443923817,2764962.14215325,-0.172036111155991,0.226186812650878,5.22267529518871
166,2012.9166667,13.7,1236.564,1,24.97694,121.55391,30.6,507895.087497787,2765651.47301903,2.05960746281373,0.91551767842751,7.12009184461919
167,2013.4166667,0,292.9978,6,24.97744,121.54458,73.6,506951.497498315,2765689.16941278,1.1160174633424,0.953214072179981,5.68016510045646
168,2013.4166667,28.2,330.0854,8,24.97408,121.54011,43.4,506506.900976379,2765308.30730892,0.671420941406686,0.572351968320552,5.79935140885951
169,2013.0833333,27.6,515.1122,5,24.96299,121.5432,37.4,506842.115124626,2764085.03013738,1.00663508965343,-0.650925203216728,6.24438474101247
170,2013.4166667,8.4,1962.628,1,24.95468,121.55481,23.5,508032.472577505,2763186.04998926,2.19699254253233,-1.54990535133844,7.58203967045958
171,2013.3333333,24,4527.687,0,24.94741,121.49628,14.4,502133.3827367,2762270.26778537,-3.70209729827323,-2.4656875552265,8.41796649205205
172,2013.0833333,3.6,383.8624,5,24.98085,121.54391,58.8,506876.721290723,2766065.83737447,1.04124125575012,1.3298820338673,5.95028415503766
173,2013.5833333,6.6,90.45606,9,24.97433,121.5431,58.1,506808.447761703,2765341.67647767,0.972967726730625,0.605721137068234,4.50486420793864
174,2013.0833333,41.3,401.8807,4,24.98326,121.5446,35.1,506941.411850469,2766334.2513029,1.10593181549653,1.59829596230201,5.99615527840607
175,2013.4166667,4.3,432.0385,7,24.9805,121.53778,45.2,506258.195027194,2766015.44110465,0.422714992221445,1.27948576405458,6.0685147046435
176,2013.0833333,30.2,472.1745,3,24.97005,121.53758,36.5,506259.663663396,2764856.87014472,0.424183628423198,0.120914804121014,6.15734862065193
177,2012.8333333,13.9,4573.779,0,24.94867,121.49507,19.2,502008.551547563,2762407.66485901,-3.82692848741007,-2.32829048158787,8.42809505684352
178,2013.0833333,33,181.0766,9,24.97697,121.54262,42,506754.469391076,2765633.36403815,0.918989356103353,0.89740869755391,5.19892014615998
179,2013.5,13.1,1144.436,4,24.99176,121.53456,36.7,505909.576405312,2767257.32260092,0.0740963703396264,2.52136726032104,7.04266721821351
180,2013.0833333,14,438.8513,1,24.97493,121.5273,42.6,505211.013225863,2765378.33558414,-0.624466809109319,0.642380243537016,6.08416063132154
181,2012.6666667,26.9,4449.27,0,24.94898,121.49621,15.5,502123.109974414,2762444.13963608,-3.71237006055925,-2.29181570451567,8.40049531675962
182,2013.1666667,11.6,201.8939,8,24.98489,121.54121,55.9,506595.574046246,2766508.4842162,0.760094011272886,1.77252887559822,5.30774231188565
183,2013.5,13.5,2147.376,3,24.96299,121.51284,23.6,503774.724585091,2764027.87451813,-2.06075544988143,-0.708080822467338,7.67200191063135
184,2013.5,17,4082.015,0,24.94155,121.50381,18.8,502906.231064916,2761634.81850218,-2.92924897005648,-3.10113683842309,8.31434601803232
185,2012.75,14.1,2615.465,0,24.95495,121.56174,21.8,508732.130729722,2763229.1745996,2.89665069474955,-1.50678074099729,7.86919718095856
186,2012.75,31.4,1447.286,3,24.97285,121.5173,21.5,504205.053489113,2765129.01786466,-1.63042654585966,0.393062524057925,7.27744535741222
187,2013.1666667,20.9,2185.128,3,24.96322,121.51237,25.7,503726.766957274,2764052.48607811,-2.10871307769837,-0.683469262492843,7.68942968704958
188,2013,8.9,3078.176,0,24.95464,121.56627,22,509190.502308569,2763203.46413586,3.35502227359655,-1.53249120473815,8.03209249275112
189,2012.9166667,34.8,190.0392,8,24.97707,121.54312,44.3,506804.773150185,2765645.39448636,0.969293115212116,0.909439145755488,5.24723036666978
190,2012.9166667,16.3,4066.587,0,24.94297,121.50342,20.5,502863.919817927,2761791.46983873,-2.97156021704536,-2.94448550187098,8.31055935169741
191,2013.5,35.3,616.5735,8,24.97945,121.53642,42.3,506122.984772494,2765896.49680138,0.287504737521289,1.16054146077903,6.42417753690928
192,2013.1666667,13.2,750.0704,2,24.97371,121.54951,37.8,507457.313562426,2765285.11933089,1.62183352745359,0.54916399028711,6.62016706879182
193,2013.1666667,43.8,57.58945,7,24.9675,121.54069,42.7,506579.156735425,2764580.13059461,0.74367670045211,-0.155824745991733,4.05333939120383
194,2013.4166667,9.7,421.479,5,24.98246,121.54477,49.3,506960.249278759,2766245.90778128,1.12476924378669,1.50995244067861,6.04376995413669
195,2013.5,15.2,3771.895,0,24.93363,121.51158,29.3,503707.627083884,2760771.54594913,-2.12785295108927,-3.96440939146653,8.23533280667449
196,2013.3333333,15.2,461.1016,5,24.95425,121.5399,34.6,506526.832332688,2763110.11450347,0.691352297715028,-1.62584083712753,6.13361840916977
197,2013,22.8,707.9067,2,24.981,121.54713,36.6,507201.693989704,2766088.5694757,1.36621395473136,1.35261413510423,6.562312305349
198,2013.25,34.4,126.7286,8,24.96881,121.54089,48.2,506596.643230243,2764725.69892007,0.761163195270696,-0.0102564205247909,4.84204779192493
199,2013.0833333,34,157.6052,7,24.96628,121.54196,39.1,506709.999790549,2764447.31939791,0.874519755576563,-0.28863594268728,5.06009317180332
200,2013.4166667,18.2,451.6419,8,24.96945,121.5449,31.6,507000.442390569,2764804.22656,1.1649623555966,0.0682712193988264,6.11288960919392
201,2013.4166667,17.4,995.7554,0,24.96305,121.54915,25.5,507443.147606606,2764102.96217766,1.60766757163347,-0.632993162943516,6.903501645095
202,2013.4166667,13.1,561.9845,5,24.98746,121.54391,45.9,506862.973688334,2766798.43891144,1.02749365336116,2.06248357084533,6.33147426944218
203,2012.9166667,38.3,642.6985,3,24.97559,121.53713,31.5,506202.714264575,2765470.02779646,0.367234229601861,0.734072455864865,6.46567571847067
204,2012.6666667,15.6,289.3248,5,24.98203,121.54348,46.1,506830.829126381,2766195.80445191,0.9953490914086,1.45984911130788,5.66754993246975
205,2013,18,1414.837,1,24.95182,121.54887,26.6,507438.23635155,2762857.78435536,1.60275631657743,-1.87817098524328,7.25476960909567
206,2013.0833333,12.8,1449.722,3,24.97289,121.51728,21.4,504202.950697837,2765133.41358994,-1.63252933713602,0.397458249344025,7.27912709289527
207,2013.25,22.2,379.5575,10,24.98343,121.53762,44,506235.953551023,2766339.87613088,0.400473516050144,1.60392079027742,5.93900610050994
208,2013.0833333,38.5,665.0636,3,24.97503,121.53692,34.2,506182.660312654,2765407.56507834,0.347180277681095,0.671609737741295,6.49988267518047
209,2012.75,11.5,1360.139,1,24.95204,121.54842,26.2,507392.308672438,2762881.31361556,1.55682863746496,-1.85464172503632,7.21534217938979
210,2012.8333333,34.8,175.6294,8,24.97347,121.54271,40.9,506770.834962868,2765245.62206524,0.935354927895474,0.50966672464367,5.16837609315496
211,2013.5,5.2,390.5684,5,24.97937,121.54245,52.2,506732.30787162,2765899.03918808,0.89682783664728,1.1630838474757,5.96760311399223
212,2013.0833333,0,274.0144,1,24.9748,121.53059,43.5,505543.651735635,2765370.12568159,-0.291828299337765,0.634170340991579,5.61318065975164
213,2013.3333333,17.6,1805.665,2,24.98672,121.52091,31.1,504541.174336447,2766673.01765194,-1.29430569852615,1.93706231134245,7.49868422396924
214,2013.0833333,6.2,90.45606,9,24.97433,121.5431,58,506808.447761703,2765341.67647767,0.972967726730625,0.605721137068234,4.50486420793864
215,2013.5833333,18.1,1783.18,3,24.96731,121.51486,20.9,503969.936099691,2764510.44362362,-1.8655439352821,-0.225511716978159,7.48615356621693
216,2013.3333333,19.2,383.7129,8,24.972,121.54477,48.1,506982.00589622,2765086.60223459,1.1465258612468,0.350646893989295,5.9498946167034
217,2013.25,37.8,590.9292,1,24.97153,121.53559,39.7,506055.550265645,2765017.14116422,0.220070230672136,0.281185823619366,6.38169621327556
218,2012.9166667,28,372.6242,6,24.97838,121.54119,40.8,506607.077538594,2765786.92921717,0.771597503620782,1.05097387657035,5.92057040506537
219,2013.4166667,13.6,492.2313,5,24.96515,121.53737,43.8,506248.606172233,2764313.39769021,0.413126137260231,-0.422557650391478,6.19894872797083
220,2012.75,29.3,529.7771,8,24.98102,121.53655,40.2,506132.862123186,2766070.74848286,0.297382088213169,1.33479314226378,6.27245635204573
221,2013.3333333,37.2,186.5101,9,24.97703,121.54265,78.3,506757.375394312,2765640.0707957,0.921895359339076,0.904115455097985,5.22848539311349
222,2013.3333333,9,1402.016,0,24.98569,121.5276,38.5,505219.088677332,2766571.44581094,-0.616391357640387,1.8354904703442,7.2456664797976
223,2013.5833333,30.6,431.1114,10,24.98123,121.53743,48.5,506221.323795567,2766095.68664234,0.385843760594609,1.35973130174493,6.06636652538397
224,2013.25,9.1,1402.016,0,24.98569,121.5276,42.3,505219.088677332,2766571.44581094,-0.616391357640387,1.8354904703442,7.2456664797976
225,2013.3333333,34.5,324.9419,6,24.97814,121.5417,46,506659.097376694,2765761.29518268,0.823617341721663,1.02533984208107,5.78364639711784
226,2013.25,1.1,193.5845,6,24.96571,121.54089,49,506603.078907416,2764382.11992073,0.76759887244273,-0.353835419871379,5.26571410965387
227,2013,16.5,4082.015,0,24.94155,121.50381,12.8,502906.231064916,2761634.81850218,-2.92924897005648,-3.10113683842309,8.31434601803232
228,2012.9166667,32.4,265.0609,8,24.98059,121.53986,40.2,506468.130065,2766029.35058267,0.632650030026794,1.29339524207357,5.5799596109044
229,2013.4166667,11.9,3171.329,0,25.00115,121.51776,46.6,504193.266639407,2768266.39475948,-1.64221339556563,3.53043941887608,8.06190602191578
230,2013.5833333,31,1156.412,0,24.9489,121.53095,19,505633.567783953,2762500.2732289,-0.201912251019967,-2.23568211170007,7.05307738712052
231,2013.5,4,2147.376,3,24.96299,121.51284,33.4,503774.724585091,2764027.87451813,-2.06075544988143,-0.708080822467338,7.67200191063135
232,2012.8333333,16.2,4074.736,0,24.94235,121.50357,14.7,502880.344192386,2761723.0349776,-2.9551358425864,-3.01292036299733,8.31256123830023
233,2012.9166667,27.1,4412.765,1,24.95032,121.49587,17.4,502086.024429195,2762592.0191162,-3.7494556057778,-2.14393622439494,8.39225675609545
234,2013.3333333,39.7,333.3679,9,24.98016,121.53932,32.4,506414.471784088,2765980.67102596,0.57899174911523,1.24471568535781,5.80924668493755
235,2013.25,8,2216.612,4,24.96007,121.51361,23.9,503858.515598711,2763705.69096639,-1.97696443626215,-1.03026437420771,7.70373518302355
236,2012.75,12.9,250.631,7,24.96606,121.54297,39.3,506812.499170884,2764424.84884936,0.977019135911483,-0.311106491236948,5.5239817379239
237,2013.1666667,3.6,373.8389,10,24.98322,121.53765,61.9,506239.419752267,2766316.65814919,0.403939717294299,1.5807028085948,5.92382495595258
238,2013.1666667,13,732.8528,0,24.97668,121.52518,39,504993.230509742,2765568.30044127,-0.84224952523032,0.83234510066919,6.59694486316602
239,2013.0833333,12.8,732.8528,0,24.97668,121.52518,40.6,504993.230509742,2765568.30044127,-0.84224952523032,0.83234510066919,6.59694486316602
240,2013.5,18.1,837.7233,0,24.96334,121.54767,29.7,507293.012349723,2764132.29475576,1.45753231475048,-0.603660584835336,6.73068785502627
241,2013.0833333,11,1712.632,2,24.96412,121.5167,28.8,504162.389840036,2764160.34167846,-1.67309019493661,-0.575613662141375,7.44578664745782
242,2013.5,13.7,250.631,7,24.96606,121.54297,41.4,506812.499170884,2764424.84884936,0.977019135911483,-0.311106491236948,5.5239817379239
243,2012.8333333,2,2077.39,3,24.96357,121.51329,33.4,503818.998717713,2764092.99827159,-2.01648131726019,-0.642957069005817,7.63886757707268
244,2013.4166667,32.8,204.1705,8,24.98236,121.53923,48.2,506400.813278922,2766224.33117317,0.565333243948873,1.48837583256559,5.31895542908472
245,2013.0833333,4.8,1559.827,3,24.97213,121.51627,21.7,504102.477937319,2765047.28881324,-1.73300209765392,0.311333472640254,7.35233019665811
246,2013.4166667,7.5,639.6198,5,24.97258,121.54814,40.8,507321.260788138,2765157.27745171,1.48578075316479,0.421322111112997,6.46087393732868
247,2013.4166667,16.4,389.8219,6,24.96412,121.54273,40.6,506792.281531646,2764209.38022526,0.956801496673259,-0.526575115338433,5.96568996815305
248,2013.3333333,21.7,1055.067,0,24.96211,121.54928,23.1,507458.239731895,2763999.026567,1.62275969692227,-0.736928773599211,6.96135955100268
249,2013,19,1009.235,0,24.96357,121.54951,22.3,507478.437152973,2764161.27847279,1.6429571179999,-0.574676867811941,6.91694789710093
250,2012.8333333,18,6306.153,1,24.95743,121.47516,15,499979.070143974,2763341.69027442,-5.85640989099897,-1.39426506618178,8.74928110241772
251,2013.1666667,39.2,424.7132,7,24.97429,121.53917,30,506411.501274827,2765329.80363788,0.576021239854628,0.593848297283985,6.05141411759912
252,2012.9166667,31.7,1159.454,0,24.9496,121.53018,13.8,505554.316568999,2762576.40455563,-0.281163465973455,-2.15955078497343,7.05570448363609
253,2012.8333333,5.9,90.45606,9,24.97433,121.5431,52.7,506808.447761703,2765341.67647767,0.972967726730625,0.605721137068234,4.50486420793864
254,2012.6666667,30.4,1735.595,2,24.96464,121.51623,25.9,504113.835681786,2764217.09276267,-1.72164435318718,-0.518862577927299,7.45910557307192
255,2012.6666667,1.1,329.9747,5,24.98254,121.54395,51.8,506877.247470909,2766253.21974298,1.04176743593643,1.51726440237975,5.79901598485482
256,2013.4166667,31.5,5512.038,1,24.95095,121.48458,17.4,500943.977415028,2762640.91301114,-4.89150261994475,-2.09504232945573,8.61468970671908
257,2012.6666667,14.6,339.2289,1,24.97519,121.53151,26.5,505635.787315693,2765415.08464077,-0.199692719280254,0.679129300173372,5.82667510076009
258,2013.25,17.3,444.1334,1,24.97501,121.5273,43.9,505210.847986583,2765387.20208607,-0.624632048390107,0.651246745472774,6.09612496775648
259,2013.4166667,0,292.9978,6,24.97744,121.54458,63.3,506951.497498315,2765689.16941278,1.1160174633424,0.953214072179981,5.68016510045646
260,2013.0833333,17.7,837.7233,0,24.96334,121.54767,28.8,507293.012349723,2764132.29475576,1.45753231475048,-0.603660584835336,6.73068785502627
261,2013.25,17,1485.097,4,24.97073,121.517,30.7,504179.106321387,2764893.49434184,-1.65637371358566,0.157539001242723,7.30323536896887
262,2013.1666667,16.2,2288.011,3,24.95885,121.51359,24.4,503858.999619921,2763570.44052791,-1.97648041505227,-1.16551481269021,7.73543816018044
263,2012.9166667,15.9,289.3248,5,24.98203,121.54348,53,506830.829126381,2766195.80445191,0.9953490914086,1.45984911130788,5.66754993246975
264,2013.4166667,3.9,2147.376,3,24.96299,121.51284,31.7,503774.724585091,2764027.87451813,-2.06075544988143,-0.708080822467338,7.67200191063135
265,2013.1666667,32.6,493.657,7,24.96968,121.54522,40.6,507032.29349197,2764830.32458394,1.19681345699739,0.0943692433452234,6.20184094404403
266,2012.8333333,15.7,815.9314,4,24.97886,121.53464,38.1,505944.39006275,2765827.74345354,0.108910027777427,1.0917881129398,6.70433028280269
267,2013.25,17.8,1783.18,3,24.96731,121.51486,23.7,503969.936099691,2764510.44362362,-1.8655439352821,-0.225511716978159,7.48615356621693
268,2012.8333333,34.7,482.7581,5,24.97433,121.53863,41.1,506356.864658461,2765333.21558626,0.521384623488295,0.59726024565706,6.17951570003891
269,2013.4166667,17.2,390.5684,5,24.97937,121.54245,40.1,506732.30787162,2765899.03918808,0.89682783664728,1.1630838474757,5.96760311399223
270,2013,17.6,837.7233,0,24.96334,121.54767,23,507293.012349723,2764132.29475576,1.45753231475048,-0.603660584835336,6.73068785502627
272,2012.9166667,17.7,451.6419,8,24.96945,121.5449,26.5,507000.442390569,2764804.22656,1.1649623555966,0.0682712193988264,6.11288960919392
273,2012.75,13,492.2313,5,24.96515,121.53737,40.5,506248.606172233,2764313.39769021,0.413126137260231,-0.422557650391478,6.19894872797083
274,2013.4166667,13.2,170.1289,1,24.97371,121.52984,29.3,505470.137044389,2765247.90578246,-0.365342990583333,0.511950441860594,5.13655638502922
275,2013.1666667,27.5,394.0173,7,24.97305,121.53994,41,506491.864658023,2765193.82872248,0.656384623050457,0.457873381881043,5.97639481696342
276,2012.6666667,1.5,23.38284,7,24.96772,121.54102,49.7,506612.040176833,2764605.1381247,0.776560141860275,-0.130817215899006,3.1520024200099
277,2013,19.1,461.1016,5,24.95425,121.5399,34,506526.832332688,2763110.11450347,0.691352297715028,-1.62584083712753,6.13361840916977
278,2013.4166667,21.2,2185.128,3,24.96322,121.51237,27.7,503726.766957274,2764052.48607811,-2.10871307769837,-0.683469262492843,7.68942968704958
279,2012.75,0,208.3905,6,24.95618,121.53844,44,506375.310461235,2763321.25956245,0.539830426261993,-1.41469577815104,5.3394137234275
280,2013.4166667,2.6,1554.25,3,24.97026,121.51642,31.1,504121.477069824,2764840.31669492,-1.71400296514883,0.104361354319379,7.34874839314945
281,2013.25,2.3,184.3302,6,24.96581,121.54086,45.4,506599.840348131,2764393.14634194,0.764360313158017,-0.342808998659253,5.21672871451807
282,2013.3333333,4.7,387.7721,9,24.98118,121.53788,44.8,506266.886296453,2766090.99590664,0.43140626148053,1.35504056603648,5.96041779591925
283,2012.9166667,2,1455.798,1,24.9512,121.549,25.6,507452.662580863,2762789.31507856,1.61718254588998,-1.94664026204078,7.28330948286813
284,2013.4166667,33.5,1978.671,2,24.98674,121.51844,23.5,504291.628376553,2766670.59641706,-1.54385165842011,1.93464107645629,7.59018068620366
285,2012.9166667,15,383.2805,7,24.96735,121.54464,34.4,506978.541011249,2764570.98620914,1.14306097627664,-0.164969131463207,5.94876709710334
286,2013.1666667,30.1,718.2937,3,24.97509,121.53644,55.3,506134.044165106,2765413.30791483,0.298564130133018,0.677352574230637,6.57687853833368
287,2012.9166667,5.9,90.45606,9,24.97433,121.5431,56.3,506808.447761703,2765341.67647767,0.972967726730625,0.605721137068234,4.50486420793864
288,2013,19.2,461.1016,5,24.95425,121.5399,32.9,506526.832332688,2763110.11450347,0.691352297715028,-1.62584083712753,6.13361840916977
289,2013.5833333,16.6,323.6912,6,24.97841,121.5428,51,506769.66067112,2765793.3033389,0.934180636147212,1.05734799829824,5.77978997489692
290,2013.3333333,13.9,289.3248,5,24.98203,121.54348,44.5,506830.829126381,2766195.80445191,0.9953490914086,1.45984911130788,5.66754993246975
291,2013.0833333,37.7,490.3446,0,24.97217,121.53471,37,505965.320590235,2765086.41163236,0.129840555262286,0.35045629175799,6.19510840923563
292,2012.8333333,3.4,56.47425,7,24.95744,121.53711,54.4,506238.316380159,2763458.39434233,0.402836345185759,-1.27756099827122,4.0337847820534
293,2013.0833333,17.5,395.6747,5,24.95674,121.534,24.5,505925.534210268,2763374.94092844,0.0900541752952849,-1.3610144121605,5.98059240902104
294,2012.6666667,12.6,383.2805,7,24.96735,121.54464,42.5,506978.541011249,2764570.98620914,1.14306097627664,-0.164969131463207,5.94876709710334
295,2013.5,26.4,335.5273,6,24.9796,121.5414,38.1,506625.757782725,2765922.54199012,0.790277747752494,1.18658664951986,5.81570332418922
296,2013.1666667,18.2,2179.59,3,24.96299,121.51252,21.8,503742.393970059,2764027.27575228,-2.09308606491337,-0.708679588323925,7.68689206470062
297,2012.75,12.5,1144.436,4,24.99176,121.53456,34.1,505909.576405312,2767257.32260092,0.0740963703396264,2.52136726032104,7.04266721821351
298,2012.8333333,34.9,567.0349,4,24.97003,121.5458,28.5,507090.162426399,2764870.21556358,1.25468239142583,0.134260222983081,6.34042085386172
299,2013.3333333,16.7,4082.015,0,24.94155,121.50381,16.7,502906.231064916,2761634.81850218,-2.92924897005648,-3.10113683842309,8.31434601803232
300,2013.1666667,33.2,121.7262,10,24.98178,121.54059,46.1,506539.403297256,2766162.62242516,0.703923262283555,1.42666708456492,4.80177426030729
301,2013.0833333,2.5,156.2442,4,24.96696,121.53992,36.9,506502.48358856,2764518.82452419,0.667003553587128,-0.21713081640657,5.05142016792755
302,2012.75,38,461.7848,0,24.97229,121.53445,35.7,505938.805097703,2765099.22054805,0.103325062730582,0.3632652074527,6.13509898169701
303,2013.5,16.5,2288.011,3,24.95885,121.51359,23.2,503858.999619921,2763570.44052791,-1.97648041505227,-1.16551481269021,7.73543816018044
304,2013.5,38.3,439.7105,0,24.97161,121.53423,38.4,505917.987471332,2765023.43972265,0.0825074363591266,0.287484382050578,6.08611655581977
305,2013.4166667,20,1626.083,3,24.96622,121.51668,29.4,504156.05152418,2764393.04839293,-1.67942851079302,-0.342906947671436,7.39392933431543
306,2013.0833333,16.2,289.3248,5,24.98203,121.54348,55,506830.829126381,2766195.80445191,0.9953490914086,1.45984911130788,5.66754993246975
307,2013.5,14.4,169.9803,1,24.97369,121.52979,50.2,505465.127130434,2765245.59492805,-0.370352904539148,0.50963958744891,5.13568254798244
308,2012.8333333,10.3,3079.89,0,24.9546,121.56627,24.7,509190.586141369,2763199.03080774,3.35510610639612,-1.53692453285679,8.03264916104414
309,2013.4166667,16.4,289.3248,5,24.98203,121.54348,53,506830.829126381,2766195.80445191,0.9953490914086,1.45984911130788,5.66754993246975
310,2013.25,30.3,1264.73,0,24.94883,121.52954,19.1,505491.238069578,2762489.85935049,-0.344241965395166,-2.24609599011065,7.14261393964515
311,2013.5833333,16.4,1643.499,2,24.95394,121.55174,24.7,507723.815634067,2763098.19799067,1.88833559909451,-1.63775734992931,7.40458278464653
312,2013.1666667,21.3,537.7971,4,24.97425,121.53814,42.2,506307.528267273,2765323.42246428,0.472048232300091,0.587467123684473,6.28748135148107
313,2013.5833333,35.4,318.5292,9,24.97071,121.54069,78,506572.492759263,2764935.90114194,0.73701272429002,0.199945801340509,5.76371415055871
314,2013.3333333,8.3,104.8101,5,24.96674,121.54067,42.8,506578.713751294,2764495.86048838,0.743233716321178,-0.240094852214679,4.65215014128906
315,2013.25,3.7,577.9615,6,24.97201,121.54722,41.6,507229.502386797,2765092.35702881,1.39402235182398,0.356401688210201,6.35950725745736
316,2013.0833333,15.6,1756.411,2,24.9832,121.51812,27.3,504266.591847379,2766277.65455201,-1.56888818759407,1.54169921140932,7.47102780147824
317,2013.25,13.3,250.631,7,24.96606,121.54297,42,506812.499170884,2764424.84884936,0.977019135911483,-0.311106491236948,5.5239817379239
318,2012.75,15.6,752.7669,2,24.97795,121.53451,37.5,505933.142513553,2765726.64110529,0.0976624785800232,0.99068576468993,6.62375561812278
319,2013.3333333,7.1,379.5575,10,24.98343,121.53762,49.8,506235.953551023,2766339.87613088,0.400473516050144,1.60392079027742,5.93900610050994
320,2013.25,34.6,272.6783,5,24.95562,121.53872,26.9,506404.762758716,2763259.72305086,0.56928272374341,-1.47623228974175,5.60829271206119
321,2012.75,13.5,4197.349,0,24.93885,121.50383,18.6,502913.769754866,2761335.61594527,-2.92171028010716,-3.40033939533075,8.3422084145107
322,2012.9166667,16.9,964.7496,4,24.98872,121.53411,37.7,505870.421265228,2766919.54381809,0.0349412302552373,2.18358847749233,6.87186858580246
323,2013,12.9,187.4823,1,24.97388,121.52981,33.1,505466.754819229,2765266.69058417,-0.368725215743878,0.530735243568663,5.23368444095451
324,2013.4166667,28.6,197.1338,6,24.97631,121.54436,42.5,506931.622421446,2765563.51192784,1.09614238647302,0.827556587239262,5.28388268601158
325,2012.6666667,12.4,1712.632,2,24.96412,121.5167,31.3,504162.389840036,2764160.34167846,-1.67309019493661,-0.575613662141375,7.44578664745782
326,2013.0833333,36.6,488.8193,8,24.97015,121.54494,38.1,507003.027892052,2764881.88491661,1.16754785707965,0.145929576011375,6.19199289152961
327,2013.5,4.1,56.47425,7,24.95744,121.53711,62.1,506238.316380159,2763458.39434233,0.402836345185759,-1.27756099827122,4.0337847820534
328,2013.4166667,3.5,757.3377,3,24.97538,121.54971,36.7,507474.038832913,2765470.58949104,1.63855879794003,0.734634150437079,6.62980925700138
329,2012.8333333,15.9,1497.713,3,24.97003,121.51696,23.6,504176.504904243,2764815.83789658,-1.65897513072938,0.0798825559769757,7.31169455693664
330,2013,13.6,4197.349,0,24.93885,121.50383,19.2,502913.769754866,2761335.61594527,-2.92171028010716,-3.40033939533075,8.3422084145107
331,2013.0833333,32,1156.777,0,24.94935,121.53046,12.8,505583.125700147,2762549.22416977,-0.252354334825417,-2.18673117082939,7.05339296877254
332,2013.3333333,25.6,4519.69,0,24.94826,121.49587,15.6,502090.222236526,2762363.71088573,-3.74525779844692,-2.3722444548714,8.41619868640348
333,2013.1666667,39.8,617.7134,2,24.97577,121.53475,39.6,505961.904197386,2765485.48118571,0.12642416241311,0.749525845109485,6.42602459584522
334,2012.75,7.8,104.8101,5,24.96674,121.54067,38.4,506578.713751294,2764495.86048838,0.743233716321178,-0.240094852214679,4.65215014128906
335,2012.9166667,30,1013.341,5,24.99006,121.5346,22.8,505917.140445839,2767068.9839869,0.0816604108663159,2.33302864630334,6.92100807149301
336,2013.5833333,27.3,337.6016,6,24.96431,121.54063,36.5,506579.716384829,2764226.46328181,0.744236349855841,-0.509492058788892,5.82186650204706
337,2012.8333333,5.1,1867.233,2,24.98407,121.51748,35.6,504200.150490153,2766372.8766893,-1.63532954481954,1.63692134870123,7.53221293489797
338,2012.8333333,31.3,600.8604,5,24.96871,121.54651,30.9,507164.639730959,2764725.2634981,1.32915969598654,-0.0106918424977921,6.39836262802003
339,2012.9166667,31.5,258.186,9,24.96867,121.54331,36.3,506841.426496164,2764714.76453402,1.00594646119163,-0.0211908065765165,5.55368025540881
340,2013.3333333,1.7,329.9747,5,24.98254,121.54395,50.4,506877.247470909,2766253.21974298,1.04176743593643,1.51726440237975,5.79901598485482
341,2013.3333333,33.6,270.8895,0,24.97281,121.53265,42.9,505755.880973265,2765153.45591683,-0.079599061707675,0.41750057623256,5.60171098864995
342,2013,13,750.0704,2,24.97371,121.54951,37,507457.313562426,2765285.11933089,1.62183352745359,0.54916399028711,6.62016706879182
343,2012.6666667,5.7,90.45606,9,24.97433,121.5431,53.5,506808.447761703,2765341.67647767,0.972967726730625,0.605721137068234,4.50486420793864
344,2013,33.5,563.2854,8,24.98223,121.53597,46.6,506071.762295299,2766203.75894776,0.236282260326436,1.4678036071579,6.33378642687136
345,2013.5,34.6,3085.17,0,24.998,121.5155,41.2,503971.48373214,2767913.03716986,-1.86399630283238,3.17708182925684,8.0343620401697
346,2012.6666667,0,185.4296,0,24.9711,121.5317,37.9,505663.443923817,2764962.14215325,-0.172036111155991,0.226186812650878,5.22267529518871
347,2013.4166667,13.2,1712.632,2,24.96412,121.5167,30.8,504162.389840036,2764160.34167846,-1.67309019493661,-0.575613662141375,7.44578664745782
348,2013.5833333,17.4,6488.021,1,24.95719,121.47353,11.2,499814.866584064,2763312.08870082,-6.02061345090868,-1.42386663978128,8.77771283253477
349,2012.8333333,4.6,259.6607,6,24.97585,121.54516,53.7,507013.398421254,2765514.04574885,1.17791838628124,0.778090408246033,5.55937577876149
350,2012.75,7.8,104.8101,5,24.96674,121.54067,47,506578.713751294,2764495.86048838,0.743233716321178,-0.240094852214679,4.65215014128906
351,2013,13.2,492.2313,5,24.96515,121.53737,42.3,506248.606172233,2764313.39769021,0.413126137260231,-0.422557650391478,6.19894872797083
352,2012.8333333,4,2180.245,3,24.96324,121.51241,28.6,503730.767228341,2764054.77752193,-2.10471280663169,-0.681177818666212,7.68719253478948
353,2012.8333333,18.4,2674.961,3,24.96143,121.50827,25.7,503316.199784164,2763846.43572991,-2.51928025080892,-0.889519610689022,7.89169007978457
354,2013.5,4.1,2147.376,3,24.96299,121.51284,31.3,503774.724585091,2764027.87451813,-2.06075544988143,-0.708080822467338,7.67200191063135
355,2013.4166667,12.2,1360.139,1,24.95204,121.54842,30.1,507392.308672438,2762881.31361556,1.55682863746496,-1.85464172503632,7.21534217938979
356,2013.25,3.8,383.8624,5,24.98085,121.54391,60.7,506876.721290723,2766065.83737447,1.04124125575012,1.3298820338673,5.95028415503766
357,2012.8333333,10.3,211.4473,1,24.97417,121.52999,45.3,505484.339730021,2765299.17092199,-0.351140304951987,0.563215581390075,5.35397579486086
358,2013.4166667,0,338.9679,9,24.96853,121.54413,44.9,506924.562195374,2764700.80163574,1.08908216040127,-0.0351537048635073,5.82590541263156
359,2013.1666667,1.1,193.5845,6,24.96571,121.54089,45.1,506603.078907416,2764382.11992073,0.76759887244273,-0.353835419871379,5.26571410965387
360,2013.5,5.6,2408.993,0,24.95505,121.55964,24.7,508519.733097109,2763236.25415229,2.68425306213589,-1.49970118831098,7.78696409684062
361,2012.6666667,32.9,87.30222,10,24.983,121.54022,47.1,506499.492681974,2766297.13719321,0.66401264700084,1.56118185260938,4.4693758920755
362,2013.0833333,41.4,281.205,8,24.97345,121.54093,63.3,506591.05011441,2765240.03502645,0.755570079437341,0.50407968585426,5.63908394071726
363,2013.4166667,17.1,967.4,4,24.98872,121.53408,40,505867.390870242,2766919.48716136,0.0319108352690819,2.18353182075685,6.87461206038888
364,2013.5,32.3,109.9455,10,24.98182,121.54086,48,506566.595393241,2766167.56685355,0.731115358268144,1.43161151295155,4.6999847884688
365,2013.4166667,35.3,614.1394,7,24.97913,121.53666,33.1,506147.89330471,2765861.48418017,0.312413269737444,1.12552883957047,6.42022193820903
366,2012.9166667,17.3,2261.432,4,24.96182,121.51222,29.5,503714.485056844,2763897.04303698,-2.12099497812876,-0.838912303619552,7.72375351992725
367,2012.75,14.2,1801.544,1,24.95153,121.55254,24.8,507809.673170845,2762832.61195921,1.9741931358726,-1.90334338139137,7.49639935398092
368,2012.8333333,15,1828.319,2,24.96464,121.51531,20.9,504020.886264244,2764215.36910489,-1.81459377072897,-0.520586235713214,7.51115224444805
369,2013.4166667,18.2,350.8515,1,24.97544,121.53119,43.1,505602.942421965,2765442.18907162,-0.232537613008113,0.706233731015585,5.8603630570205
370,2012.6666667,20.2,2185.128,3,24.96322,121.51237,22.8,503726.766957274,2764052.48607811,-2.10871307769837,-0.683469262492843,7.68942968704958
371,2012.75,15.9,289.3248,5,24.98203,121.54348,42.1,506830.829126381,2766195.80445191,0.9953490914086,1.45984911130788,5.66754993246975
372,2013.5,4.1,312.8963,5,24.95591,121.53956,51.7,506489.035341694,2763293.45226153,0.653555306721246,-1.44250307906652,5.74587182574075
373,2013,33.9,157.6052,7,24.96628,121.54196,41.5,506709.999790549,2764447.31939791,0.874519755576563,-0.28863594268728,5.06009317180332
374,2013.0833333,0,274.0144,1,24.9748,121.53059,52.2,505543.651735635,2765370.12568159,-0.291828299337765,0.634170340991579,5.61318065975164
375,2013.25,5.4,390.5684,5,24.97937,121.54245,49.5,506732.30787162,2765899.03918808,0.89682783664728,1.1630838474757,5.96760311399223
376,2013.25,21.7,1157.988,0,24.96165,121.55011,23.8,507543.057666095,2763949.61961626,1.7075776311222,-0.786335724337492,7.05443929538495
377,2013.4166667,14.7,1717.193,2,24.96447,121.51649,30.5,504140.453494018,2764198.7388039,-1.69502654095483,-0.537216536701191,7.44844625993865
378,2013.3333333,3.9,49.66105,8,24.95836,121.53756,56.8,506281.877149604,2763561.20960879,0.446397114630905,-1.17474573180499,3.90522092363418
379,2013.3333333,37.3,587.8877,8,24.97077,121.54634,37.4,507143.178390998,2764953.25553896,1.30769835602527,0.21730019836314,6.37653594326385
380,2013.3333333,0,292.9978,6,24.97744,121.54458,69.7,506951.497498315,2765689.16941278,1.1160174633424,0.953214072179981,5.68016510045646
381,2013.3333333,14.1,289.3248,5,24.98203,121.54348,53.3,506830.829126381,2766195.80445191,0.9953490914086,1.45984911130788,5.66754993246975
382,2013.4166667,8,132.5469,9,24.98298,121.53981,47.3,506458.116766012,2766294.14455986,0.622636731039383,1.55818921926338,4.88693654506056
383,2013,16.3,3529.564,0,24.93207,121.51597,29.3,504154.471055557,2760606.86173858,-1.6810089794161,-4.12909360201703,8.16892962955114
384,2012.6666667,29.1,506.1144,4,24.97845,121.53889,40.3,506374.581803679,2765790.33487514,0.539101768706227,1.05437953454209,6.22676273069018
385,2012.75,16.1,4066.587,0,24.94297,121.50342,12.9,502863.919817927,2761791.46983873,-2.97156021704536,-2.94448550187098,8.31055935169741
386,2013,18.3,82.88643,10,24.983,121.54026,46.6,506503.533408606,2766297.21290648,0.668053373633244,1.56125756587787,4.41747135754817
387,2012.8333333,0,185.4296,0,24.9711,121.5317,55.3,505663.443923817,2764962.14215325,-0.172036111155991,0.226186812650878,5.22267529518871
388,2013.25,16.2,2103.555,3,24.96042,121.51462,25.6,503959.842702781,2763746.37238027,-1.87563733219227,-0.989582960331812,7.65138404958678
389,2013.5,10.4,2251.938,4,24.95957,121.51353,27.3,503851.459269495,2763650.12606809,-1.98402076547779,-1.08582927251235,7.71954645779711
390,2013.25,40.9,122.3619,8,24.96756,121.5423,67.7,506741.691901282,2764589.82809698,0.906211866309633,-0.146127243615687,4.80698304711246
391,2013.5,32.8,377.8302,9,24.97151,121.5435,38.6,506854.719598574,2765029.88767433,1.01923956360167,0.29393233373249,5.93444488834698
392,2013.5833333,6.2,1939.749,1,24.95155,121.55387,31.3,507944.020785964,2762837.35661914,2.10854075099109,-1.8985987214637,7.57031386224357
393,2013.0833333,42.7,443.802,6,24.97927,121.53874,35.3,506357.726892375,2765880.93335068,0.522246857401915,1.14497801008262,6.09537851702281
394,2013,16.9,967.4,4,24.98872,121.53408,40.3,505867.390870242,2766919.48716136,0.0319108352690819,2.18353182075685,6.87461206038888
395,2013.5,32.6,4136.271,1,24.95544,121.4963,24.7,502119.036200509,2763160.26412368,-3.7164438344636,-1.5756912169233,8.32754993628549
396,2012.9166667,21.2,512.5487,4,24.974,121.53842,42.5,506336.333967934,2765296.24394113,0.500853932961356,0.560288600534666,6.23939573088828
397,2012.6666667,37.1,918.6357,1,24.97198,121.55063,31.9,507574.069077142,2765095.50664544,1.73858904216933,0.359551304844208,6.82288963462444
398,2013.4166667,13.1,1164.838,4,24.99156,121.53406,32.2,505859.485528744,2767234.21178783,0.0240054937708192,2.49825644723,7.06033730053666
399,2013.4166667,14.7,1717.193,2,24.96447,121.51649,23,504140.453494018,2764198.7388039,-1.69502654095483,-0.537216536701191,7.44844625993865
400,2012.9166667,12.7,170.1289,1,24.97371,121.52984,37.3,505470.137044389,2765247.90578246,-0.365342990583333,0.511950441860594,5.13655638502922
401,2013.25,26.8,482.7581,5,24.97433,121.53863,35.5,506356.864658461,2765333.21558626,0.521384623488295,0.59726024565706,6.17951570003891
402,2013.0833333,7.6,2175.03,3,24.96305,121.51254,27.7,503744.291484843,2764033.96299192,-2.09118855012965,-0.701992348674685,7.68479773653111
403,2012.8333333,12.7,187.4823,1,24.97388,121.52981,28.5,505466.754819229,2765266.69058417,-0.368725215743878,0.530735243568663,5.23368444095451
404,2012.6666667,30.9,161.942,9,24.98353,121.53966,39.7,506441.822096814,2766354.81832387,0.606342061841686,1.61886298326915,5.08723824643489
405,2013.3333333,16.4,289.3248,5,24.98203,121.54348,41.2,506830.829126381,2766195.80445191,0.9953490914086,1.45984911130788,5.66754993246975
406,2012.6666667,23,130.9945,6,24.95663,121.53765,37.2,506294.556204025,2763369.64092878,0.459076169052045,-1.36631441181665,4.87515533758694
407,2013.1666667,1.9,372.1386,7,24.97293,121.54026,40.5,506524.442192814,2765181.13438203,0.68896215784084,0.445179041431285,5.91926636552737
408,2013,5.2,2408.993,0,24.95505,121.55964,22.3,508519.733097109,2763236.25415229,2.68425306213589,-1.49970118831098,7.78696409684062
409,2013.4166667,18.5,2175.744,3,24.9633,121.51243,28.1,503732.664743165,2764061.46476003,-2.10281529180804,-0.674490580566227,7.68512595399605
410,2013,13.7,4082.015,0,24.94155,121.50381,15.4,502906.231064916,2761634.81850218,-2.92924897005648,-3.10113683842309,8.31434601803232
411,2012.6666667,5.6,90.45606,9,24.97433,121.5431,50,506808.447761703,2765341.67647767,0.972967726730625,0.605721137068234,4.50486420793864
412,2013.25,18.8,390.9696,7,24.97923,121.53986,40.6,506470.953653386,2765878.61902284,0.63547361841338,1.14266368224379,5.96862980760211
413,2013,8.1,104.8101,5,24.96674,121.54067,52.5,506578.713751294,2764495.86048838,0.743233716321178,-0.240094852214679,4.65215014128906
414,2013.5,6.5,90.45606,9,24.97433,121.5431,63.9,506808.447761703,2765341.67647767,0.972967726730625,0.605721137068234,4.50486420793864
